ID	post_title	slug	word_count	post_date	categories
2273	7 Data Driven Strategies to Grow Your Dog Kennel Business	7-data-driven-strategies-to-grow-your-dog-kennel-business-in-2025	9838	2025-09-27 11:47:45	Dog Daycare Software
2550	Affordable Cattery Software Options in 2025	affordable-cattery-software-options-in-2025	11810	2025-10-03 14:58:44	Cattery Software
2521	Affordable Dog Boarding Software Options in 2025 (Best Value…	affordable-dog-boarding-software-options-in-2025-best-value-for-small-businesses	15397	2025-09-27 11:47:44	Dog Daycare Software
2497	Affordable Kennel Software Options in 2025 (Best Picks for…	affordable-kennel-software-options-in-2025-best-picks-for-small-businesses	12753	2025-09-27 11:47:44	Dog Daycare Software
2538	All in One Dog Daycare Management Software the 2025 Buyers	all-in-one-dog-daycare-management-software-the-2025-buyers-guide	13875	2025-10-03 14:58:45	Dog Daycare Software
26	Benefits of Dog Boarding and Daycare Software: Why Your Pet…	benefits-of-dog-boarding-and-daycare-software-why-your-pet-business-needs-it	5745	2025-09-19 10:16:56	Dog Daycare Software
2544	Best Cattery Software for Small Businesses (2025 Comparison)	best-cattery-software-for-small-businesses-2025-comparison	17829	2025-10-03 14:58:44	Cattery Software
2488	Best Cattery Software in 2025 (Guide for Small & Medium…	best-cattery-software-in-2025-guide-for-small-medium-facilities	18307	2025-09-27 11:47:44	Dog Boarding Software
2505	Best Dog Boarding Software for Small Businesses (2025…	best-dog-boarding-software-for-small-businesses-2025-comparison	14422	2025-09-27 11:47:44	Dog Daycare Software
2484	Best Dog Boarding Software in 2025 (Complete Guide +…	best-dog-boarding-software-in-2025-complete-guide-reviews	28200	2025-09-27 11:47:45	Dog Boarding Software
2530	Best Dog Daycare Software for Small Businesses (2025 Comparison)	best-dog-daycare-software-for-small-businesses-2025-comparison	18615	2025-10-29 08:30:00	Dog Daycare Software
2486	Best Dog Daycare Software in 2025 (Save Time & Boost…	best-dog-daycare-software-in-2025-save-time-boost-revenue	18185	2025-09-27 11:47:45	Dog Daycare Software
2622	Best Dog Enrichment Toys for Daycare &amp; Boarding Facilities	best-dog-enrichment-toys-for-daycare-boarding-facilities	12847	2025-11-05 08:30:00	Dog Daycare Software
2480	Best Kennel Software for Small Pet Businesses (2025 Guide +…	best-kennel-software-for-small-pet-businesses-2025-guide-reviews	25237	2025-09-27 11:47:45	Kennel Software
27	Best Software for Dog Daycare, Boarding & Kennels Combined:…	best-software-for-dog-daycare-boarding-kennels-combined-one-unified-solution	6358	2025-09-19 10:16:56	Dog Daycare Software
2659	Building Customer Loyalty Programs for Dog Daycare &amp;…	building-customer-loyalty-programs-for-dog-daycare-boarding-facilities	21600	2025-10-03 14:58:45	Dog Daycare Software
3656	Cattery Management Software (2025): Comparison &amp; Setup Guide	cattery-management-software-2025-comparison-setup-guide	10784	2025-12-04 10:29:54	Cattery Software
3665	Cattery Management Software (2025): Simplify Cat Boarding &amp; Improve Care	cattery-management-software-2025-simplify-cat-boarding-improve-care	11339	2025-12-04 10:29:50	Cattery Software
2546	Cattery Software vs. Spreadsheets: Which Saves More Time?	cattery-software-vs-spreadsheets-which-saves-more-time	12802	2025-09-26 09:48:41	Cattery Software
2556	Cattery Software with Online Booking: Why It’s a Must-Have…	cattery-software-with-online-booking-why-its-a-must-have-2025-guide	12178	2025-10-03 14:58:44	Cattery Software
2646	Customer Experience &amp; Communication in Dog Daycare &amp; Boarding	customer-experience-communication-in-dog-daycare-boarding	18160	2025-12-03 08:30:00	Dog Daycare Software
2670	Customer Feedback &amp; Reputation Management for Dog Daycare &amp;…	customer-feedback-reputation-management-for-dog-daycare-boarding-facilities	21232	2025-10-03 14:58:43	Dog Daycare Software
2664	Designing Safe &amp; Comfortable Dog Boarding Kennels	designing-safe-comfortable-dog-boarding-kennels	14639	2025-10-03 14:58:43	Kennel Software
2626	Dog Bathing &amp; Grooming Routines for Daycare &amp; Boarding Facilities	dog-bathing-grooming-routines-for-daycare-boarding-facilities	13422	2025-11-10 08:30:00	Dog Daycare Software
2634	Dog Behavior Tracking &amp; Reporting for Daycare &amp; Boarding Facilities	dog-behavior-tracking-reporting-for-daycare-boarding-facilities	12311	2025-11-19 08:30:00	Dog Daycare Software
2638	Dog Boarding Daily Schedules &amp; Routines for Stress-Free Stays	dog-boarding-daily-schedules-routines-for-stress-free-stays	12935	2025-11-24 08:30:00	Dog Boarding Software
2642	Dog Boarding Facility Design &amp; Layout Best Practices	dog-boarding-facility-design-layout-best-practices	13473	2025-11-28 08:30:00	Dog Boarding Software
2644	Dog Boarding Pricing Strategies &amp; Packages	dog-boarding-pricing-strategies-packages	19016	2025-12-01 08:30:00	Dog Boarding Software
3644	Dog Boarding Software Pricing (2025): What You’ll Pay &amp; How to Make It Back	dog-boarding-software-pricing-2025-what-youll-pay-how-to-make-it-back	10154	2025-11-02 10:14:49	Dog Daycare Software
2514	Dog Boarding Software vs. Manual Booking Systems: Which…	dog-boarding-software-vs-manual-booking-systems-which-saves-more-time-2025-guide	15470	2025-09-27 11:47:44	Dog Boarding Software
2526	Dog Boarding Software with Online Booking: Why It’s a…	dog-boarding-software-with-online-booking-why-its-a-must-have-2025-guide	16007	2025-10-03 14:58:43	Dog Daycare Software
3642	Dog Boarding Software: The Complete 2025 Buyer’s Guide	dog-boarding-software-the-complete-2025-buyers-guide	10982	2025-10-26 10:00:27	Dog Daycare Software
2624	Dog Calming Techniques for Daycare &amp; Boarding Facilities	dog-calming-techniques-for-daycare-boarding-facilities	13976	2025-11-07 08:30:00	Dog Daycare Software
4320	Dog Daycare Management: Complete Guide to Running a Profitable, Safe Daycare	how-to-choose-kennel-software-12-essential-features	58226	2025-12-10 13:21:01	Dog Daycare Software
2562	Dog Daycare Safety How to Prevent Injuries and Keep Pets	dog-daycare-safety-how-to-prevent-injuries-and-keep-pets-happy-2025-guide	15052	2025-10-03 14:58:44	Dog Daycare Software
2532	Dog Daycare Scheduling and Booking Systems: A Complete Guide…	dog-daycare-scheduling-and-booking-systems-a-complete-guide-2025	13608	2025-10-03 14:58:44	Dog Daycare Software
3652	Dog Daycare Software (2025): Complete Guide to Managing Your Daycare Efficiently	dog-daycare-software-2025-complete-guide-to-managing-your-daycare-efficiently	11188	2025-10-28 10:37:20	Dog Daycare Software
3661	Dog Daycare Software (2025): Save Time, Simplify Operations &amp; Grow Your Business	dog-daycare-software-2025-save-time-simplify-operations-grow-your-business	10677	2025-11-02 10:48:03	Dog Daycare Software
3610	Dog Daycare Software Easy Software That Saves Time Boosts	dog-daycare-software-easy-software-that-saves-time-boosts-profits	10122	2025-10-05 08:50:30	Dog Daycare Software
2536	Dog Daycare Software for Staff Management: A 2025 Guide	dog-daycare-software-for-staff-management-a-2025-guide	15522	2025-10-03 14:58:45	Dog Daycare Software
3569	Dog Daycare Software: Easy Software That Saves Time &amp; Boosts Profits	dog-daycare-software-easy-software-that-saves-time-boosts-profits-9	5058	2025-12-04 10:34:52	Dog Daycare Software
3576	Dog Daycare Software: Easy Software That Saves Time &amp; Boosts Profits	dog-daycare-software-easy-software-that-saves-time-boosts-profits-8	6060	2025-12-04 10:34:50	Dog Daycare Software
4057	Dog Daycare Software: Easy Software That Saves Time &amp; Boosts Profits	dog-daycare-software-easy-software-that-saves-time-boosts-profits-4	9832	2025-11-04 07:15:52	Dog Daycare Software
4104	Dog Daycare Software: Easy Software That Saves Time &amp; Boosts Profits	dog-daycare-software-easy-software-that-saves-time-boosts-profits-5	10504	2025-11-11 07:15:53	Dog Daycare Software
4140	Dog Daycare Software: Easy Software That Saves Time &amp; Boosts Profits	dog-daycare-software-easy-software-that-saves-time-boosts-profits-6	8817	2025-11-18 07:15:46	Dog Daycare Software
4214	Dog Daycare Software: Easy Software That Saves Time &amp; Boosts Profits	dog-daycare-software-easy-software-that-saves-time-boosts-profits-7	10115	2025-12-02 07:15:54	Dog Daycare Software
4269	Dog Daycare Software: Easy Software That Saves Time &amp; Boosts Profits	dog-daycare-software-easy-software-that-saves-time-boosts-profits-10	8953	2025-12-09 07:15:47	Dog Daycare Software
4358	Dog Daycare Software: Easy Software That Saves Time &amp; Boosts Profits	dog-daycare-software-easy-software-that-saves-time-boosts-profits-11	8430	2025-12-16 07:15:48	Dog Daycare Software
3792	Dog Daycare Software: Easy Software That Saves Time &amp; Boosts…	dog-daycare-software-can-it-boost-profits-and-sales	9259	2025-10-14 08:30:27	Dog Daycare Software
3469	Dog Daycare Software: Streamlining Your Operations for Success	dog-daycare-software-streamlining-your-operations-for-success	6494	2025-12-04 10:29:47	Dog Daycare Software
2628	Dog Feeding &amp; Nutrition Guidelines for Daycare &amp; Boarding Facilities	dog-feeding-nutrition-guidelines-for-daycare-boarding-facilities	13234	2025-11-12 08:30:00	Dog Daycare Software
2632	Dog Health &amp; Safety Protocols for Daycare &amp; Boarding Facilities	dog-health-safety-protocols-for-daycare-boarding-facilities	13423	2025-11-17 08:30:00	Dog Daycare Software
2630	Dog Playgroup Management Strategies for Daycare &amp; Boarding Facilities	dog-playgroup-management-strategies-for-daycare-boarding-facilities	13072	2025-11-14 08:30:00	Dog Daycare Software
2652	Emergency Preparedness for Dog Daycare &amp; Boarding Facilities	emergency-preparedness-for-dog-daycare-boarding-facilities	23456	2025-10-03 14:58:44	Dog Daycare Software
2614	Essential Dog Grooming Tools & Supplies for Boarding & Daycare Businesses	essential-dog-grooming-tools-supplies-for-boarding-daycare-businesses	14306	2026-01-15 09:00:00	Dog Daycare Software
2655	Financial Management for Dog Daycare &amp; Boarding Facilities	financial-management-for-dog-daycare-boarding-facilities	20610	2025-10-03 14:58:44	Dog Daycare Software
2616	Fun Dog Tricks for Daycare Playgroups (and How to Track Training Progress in Software)	fun-dog-tricks-for-daycare-playgroups-and-how-to-track-training-progress-in-software	13237	2026-01-08 09:00:00	Dog Daycare Software
2668	Handling Special Needs Dogs in Daycare &amp; Boarding Facilities	handling-special-needs-dogs-in-daycare-boarding-facilities	22794	2025-10-03 14:58:45	Dog Daycare Software
3640	Home | PetCare.Software	dog-daycare-software-the-complete-2025-buyers-guide	12043	2025-10-12 09:55:51	Dog Daycare Software
2554	How Cattery Software Improves Customer Satisfaction (2025…	how-cattery-software-improves-customer-satisfaction-2025-guide	12247	2025-10-03 14:58:44	Cattery Software
2524	How Dog Boarding Software Improves Customer Satisfaction…	how-dog-boarding-software-improves-customer-satisfaction-2025-guide	15125	2025-09-27 11:47:44	Dog Boarding Software
2540	How Dog Daycare Software Improves Customer Satisfaction…	how-dog-daycare-software-improves-customer-satisfaction-2025-guide	13099	2025-10-03 14:58:44	Dog Daycare Software
2499	How Kennel Software Improves Customer Satisfaction (2025…	how-kennel-software-improves-customer-satisfaction-2025-guide	12048	2025-09-27 11:47:44	Dog Boarding Software
2491	How to Choose the Best Kennel Software for a Small Business…	how-to-choose-the-best-kennel-software-for-a-small-business-2025-guide	13561	2025-09-27 11:47:44	Kennel Software
2279	How to Start a Cattery / Cat Boarding Business (Beginner’s…	how-to-start-a-cattery-cat-boarding-business-beginners-guide	20803	2025-09-27 11:47:45	Cattery Software
2297	How to Start a Dog Daycare Business (Step-by-Step Guide +…	how-to-start-a-dog-daycare-business-step-by-step-guide-free-checklist	20642	2025-09-27 11:47:45	Dog Daycare Software
2252	How to Start a Dog Kennel / Boarding Business (Beginner’s…	how-to-start-a-dog-kennel-boarding-business-beginners-guide	19141	2025-09-27 11:47:45	Dog Boarding Software
2291	How to Write a Business Plan for a Pet Boarding Facility…	how-to-write-a-business-plan-for-a-pet-boarding-facility-with-free-template	15224	2025-09-27 11:47:45	Dog Boarding Software
2558	Is Cattery Software Worth It for Small Pet Businesses? (2025…	is-cattery-software-worth-it-for-small-pet-businesses-2025-guide	11359	2025-10-03 14:58:44	Cattery Software
2528	Is Dog Boarding Software Worth It for Small Pet Businesses?…	is-dog-boarding-software-worth-it-for-small-pet-businesses-2025-guide	16723	2025-10-03 14:58:43	Dog Boarding Software
2542	Is Dog Daycare Software Worth It for Small Businesses? (2025…	is-dog-daycare-software-worth-it-for-small-businesses-2025-guide	11701	2025-10-03 14:58:44	Dog Daycare Software
2503	Is Kennel Software Worth It for Small Pet Businesses 2025	is-kennel-software-worth-it-for-small-pet-businesses-2025-guide	10036	2025-09-27 11:47:44	Dog Boarding Software
25	Is Kennel Software Worth It for Small Pet Businesses Costs	is-kennel-software-worth-it-for-small-pet-businesses-costs-vs-benefits	13053	2025-09-27 11:47:26	Kennel Software
113	Kennel &amp; Boarding Software: Manage Every Stay with Ease	dog-boarding-software-2	5739	2025-10-17 08:30:00	Kennel Software, Dog Boarding Software
3650	Kennel Management Software (2025): Complete Comparison &amp; Features	kennel-management-software-2025-complete-comparison-features	11160	2025-11-18 10:33:00	Kennel Software
4177	Kennel Management Software: Easy Software That Saves Time &amp; Boosts Profits	kennel-management-software-easy-software-that-saves-time-boosts-profits	9211	2025-11-25 07:16:53	Cattery Software
1267	Kennel Software Comparison (UK / USA / Australia)	kennel-software-comparison-uk-usa-australia	8571	2025-10-22 08:30:00	Kennel Software
3659	Kennel Software vs Dog Boarding Software (2025): What’s the Difference?	kennel-software-vs-dog-boarding-software-2025-whats-the-difference	11283	2025-12-04 10:29:52	Dog Daycare Software
3648	Kennel Software vs Dog Boarding Software: Which Fits You Better?	kennel-software-vs-dog-boarding-software-which-fits-you-better	10614	2025-11-09 10:31:16	Kennel Software, Dog Boarding Software
23	Kennel Software vs. Dog Boarding Software: Understanding the…	kennel-software-vs-dog-boarding-software-understanding-the-differences	13641	2025-09-27 11:47:26	Dog Boarding Software
2493	Kennel Software vs. Spreadsheets: Why It’s Time to Upgrade…	kennel-software-vs-spreadsheets-why-its-time-to-upgrade-2025-guide	12526	2025-09-27 11:47:44	Dog Daycare Software
2501	Kennel Software with Online Booking: Why It’s a Game-Changer…	kennel-software-with-online-booking-why-its-a-game-changer-2025-guide	19273	2025-09-27 11:47:44	Dog Daycare Software
2657	Legal &amp; Insurance Essentials for Dog Daycare &amp; Boarding…	legal-insurance-essentials-for-dog-daycare-boarding-facilities	20742	2025-10-03 14:58:45	Dog Daycare Software
2640	Marketing Strategies for Dog Daycare &amp; Boarding Facilities	marketing-strategies-for-dog-daycare-boarding-facilities	13464	2025-11-26 08:30:00	Dog Daycare Software
2534	Mobile Friendly Dog Daycare Software Why It Matters in 2025	mobile-friendly-dog-daycare-software-why-it-matters-in-2025	14895	2025-10-03 14:58:44	Dog Daycare Software
2560	Mobile Pet Grooming Pros Cons and Business Tips 2025 Guide	mobile-pet-grooming-pros-cons-and-business-tips-2025-guide	15991	2025-10-03 14:58:44	Dog Boarding Software
2661	Partnering with Veterinarians &amp; Trainers for Better Pet Care	partnering-with-veterinarians-trainers-for-better-pet-care	20130	2025-10-03 14:58:45	Dog Daycare Software
3654	Pet Boarding Software (2025): Buyer’s Guide &amp; Feature Comparison	pet-boarding-software-2025-buyers-guide-feature-comparison	11202	2025-11-19 10:39:33	Dog Daycare Software
3663	Pet Boarding Software (2025): The Complete Buyer’s Guide &amp; Setup Tutorial	pet-boarding-software-2025-the-complete-buyers-guide-setup-tutorial	11053	2025-12-04 10:29:51	Dog Daycare Software
3667	Pet Business Software (2025): All-in-One Platform for Kennels, Daycares & Catteries	pet-business-software-2025-all-in-one-platform-for-kennels-daycares-catteries	10176	2026-01-01 09:00:00	Dog Daycare Software
2666	Seasonal Care Tips for Dogs in Daycare &amp; Boarding Facilities	seasonal-care-tips-for-dogs-in-daycare-boarding-facilities	20716	2025-10-03 14:58:45	Dog Daycare Software
2636	Staff Training &amp; Certification for Dog Daycare &amp; Boarding Facilities	staff-training-certification-for-dog-daycare-boarding-facilities	12770	2025-11-21 08:30:00	Dog Daycare Software
2564	Standard Poodles Breed Facts Care Needs and Daycare Tips	standard-poodles-breed-facts-care-needs-and-daycare-tips-2025-guide	14755	2025-10-03 14:58:44	Dog Daycare Software
2650	Sustainability Practices for Dog Daycare &amp; Boarding…	sustainability-practices-for-dog-daycare-boarding-facilities	20647	2025-10-03 14:58:44	Dog Daycare Software
2648	Technology Trends in Pet Care Facilities	technology-trends-in-pet-care-facilities	12639	2025-10-31 08:30:00	Dog Daycare Software
24	Top 10 Dog Daycare & Kennel Software Solutions: Compare…	top-10-dog-daycare-kennel-software-solutions	6347	2025-09-27 11:47:26	Dog Daycare Software
2548	Top 10 Features Every Cattery Management System Should Have…	top-10-features-every-cattery-management-system-should-have-2025-guide	13858	2025-10-03 14:58:44	Cattery Software
2516	Top 10 Features Every Dog Boarding Software Should Include…	top-10-features-every-dog-boarding-software-should-include-2025-guide	15568	2025-09-27 11:47:44	Dog Daycare Software
2495	Top 10 Features Every Kennel Management System Should Have (2025 Guide)	top-10-features-every-kennel-management-system-should-have-2025-guide	12712	2025-10-27 08:30:00	Kennel Software
2620	What Are Pup Cups? A Guide for Daycare &amp; Boarding Businesses	what-are-pup-cups-a-guide-for-daycare-boarding-businesses	10974	2025-11-03 08:30:00	Dog Daycare Software
2618	What Your Dog’s Sleeping Position Says About Their Personality (and Why Daycares Should Care)	what-your-dogs-sleeping-position-says-about-their-personality-and-why-daycares-should-care	14096	2025-12-04 10:29:55	Dog Daycare Software
